[{"title": "\ucd94\ubbf8\uc560 \uc544\ub4e4 \ubd80\ub300 \uc9c0\uc6d0\ub2e8\uc7a5 \u201c\ubd80\ub300\ubc30\uce58\u00b7\ud1b5\uc5ed\ubcd1 \uccad\ud0c1 \ubcf4\uace0\ubc1b\uc558\ub2e4\u201d", "link": "https://news.naver.com/main/read.nhn?mode=LSD&mid=shm&sid1=102&oid=081&aid=0003123337", "images": ["tmp_img00.jpg", "tmp_img01.jpg", "tmp_img02.jpg"], "contentsFile": "newsContent0.html"}, {"title": "\uc774\uc2a4\ud0c0 \ucc3d\uc5c5\uc8fc \uc774\uc0c1\uc9c1 \"0 \ud558\ub098 \ub367\ubd99\uc5ec \ub538 \uc0dd\ud65c\ube44 4\uc5b5\uc73c\ub85c \ubab0\uc544\uac00\"", "link": "https://news.naver.com/main/read.nhn?mode=LSD&mid=shm&sid1=100&oid=421&aid=0004866373", "images": ["tmp_img10.jpg", "tmp_img11.jpg"], "contentsFile": "newsContent1.html"}, {"title": "\u7f8e \ub3d9\ub9f9\uade0\uc5f4 \uc6b0\ub824 \ubd88\uc2dd\u2026 \ub300\uc120\ub4a4 \u5c0d\u5317\uc81c\uc7ac \uc644\ud654\ub3c4 \uace0\ub824\ud55c\ub4ef", "link": "https://news.naver.com/main/read.nhn?mode=LSD&mid=shm&sid1=104&oid=021&aid=0002442201", "images": ["tmp_img20.jpg", "tmp_img21.jpg"], "contentsFile": "newsContent2.html"}, {"title": "\"\uce74\uce74\uc624 \ub4e4\uc5b4\uc624\ub77c \ud574\ub77c\" \uc724\uc601\ucc2c \uc758\uc6d0, \ub300\uac80\uc5d0 \ud615\uc0ac\uace0\ubc1c\ub2f9\ud574", "link": "https://news.naver.com/main/read.nhn?mode=LSD&mid=shm&sid1=102&oid=008&aid=0004469725", "images": ["tmp_img30.jpg", "tmp_img31.jpg"], "contentsFile": "newsContent3.html"}, {"title": "\u6587, \ucd08\uc720\uc758 \ud604\uc7a5 \uc218\uc5ec\uc5d0\u2026\ub4a4\uc5d0\uc11c 90\ub3c4 \uba38\ub9ac \uc219\uc778 \uc815\uc740\uacbd", "link": "https://news.naver.com/main/read.nhn?mode=LSD&mid=shm&sid1=100&oid=025&aid=0003034406", "images": ["tmp_img40.jpg"], "contentsFile": "newsContent4.html"}]